date,keyword
20160910,면접
20160910,문의
20160910,어디
20160910,주간
20160910,주인공
20160910,준비
20160910,프로그램
20160910,필요
20160910,학술
20160910,함양
20160911,기존
20160911,문의
20160911,어디
20160911,인하대
20160911,저녁
20160911,정석
20160911,주간
20160911,최대
20160911,필요
20160911,학술
20160912,기존
20160912,면접
20160912,문의
20160912,어디
20160912,인하대
20160912,저녁
20160912,정석
20160912,준비
20160912,필요
20160912,학술
20160913,면접
20160913,문의
20160913,어디
20160913,인하대
20160913,저녁
20160913,정석
20160913,주간
20160913,최대
20160913,필요
20160913,학술
20160914,당장
20160914,면접
20160914,서로
20160914,어디
20160914,인하대
20160914,저녁
20160914,조교
20160914,주간
20160914,준비
20160914,팩트
20160915,등록
20160915,면접
20160915,문의
20160915,어디
20160915,인하대
20160915,준비
20160915,최대
20160915,팩트
20160915,프로그램
20160915,필요
20160916,당장
20160916,도착
20160916,소수
20160916,어디
20160916,인하대
20160916,저녁
20160916,정석
20160916,준비
20160916,팩트
20160916,필요
20160917,기존
20160917,등록
20160917,면접
20160917,문의
20160917,인하대
20160917,저녁
20160917,정석
20160917,준비
20160917,최대
20160917,필요
20160918,가을
20160918,과학기술
20160918,면접
20160918,문의
20160918,어디
20160918,어플
20160918,인하대
20160918,준비
20160918,필요
20160918,학술
20160919,기존
20160919,면접
20160919,문의
20160919,어디
20160919,인하대
20160919,저녁
20160919,정석
20160919,주간
20160919,필요
20160919,학술
20160920,가을
20160920,기존
20160920,면접
20160920,문의
20160920,어디
20160920,인하대
20160920,저녁
20160920,정석
20160920,필요
20160920,학술
20160921,면접
20160921,문의
20160921,어디
20160921,인하대
20160921,저녁
20160921,정석
20160921,주간
20160921,최대
20160921,필요
20160921,학술
20160922,기존
20160922,면접
20160922,문의
20160922,어디
20160922,인하대
20160922,저녁
20160922,정석
20160922,최대
20160922,필요
20160922,학술
20160923,문의
20160923,어디
20160923,어플
20160923,인하대
20160923,저녁
20160923,정석
20160923,주간
20160923,최대
20160923,필요
20160923,학술
20160924,등록
20160924,어디
20160924,열성
20160924,인하대
20160924,저녁
20160924,정석
20160924,주인공
20160924,준비
20160924,팩트
20160924,필요
20160925,당장
20160925,문의
20160925,어디
20160925,어플
20160925,인하대
20160925,정석
20160925,주간
20160925,최대
20160925,필요
20160925,학술
20160926,문의
20160926,어디
20160926,어플
20160926,인하대
20160926,저녁
20160926,정석
20160926,주간
20160926,최대
20160926,필요
20160926,학술
20160927,당장
20160927,면접
20160927,문의
20160927,인하대
20160927,저녁
20160927,정석
20160927,주간
20160927,준비
20160927,최대
20160927,필요
20160928,가을
20160928,면접
20160928,문의
20160928,어디
20160928,인하대
20160928,저녁
20160928,조교
20160928,주간
20160928,최대
20160928,필요
20160929,가을
20160929,등록
20160929,문의
20160929,어디
20160929,어플
20160929,인하대
20160929,저녁
20160929,정석
20160929,최대
20160929,필요
20160930,가을
20160930,그때
20160930,어디
20160930,인하대
20160930,저녁
20160930,정석
20160930,조교
20160930,주간
20160930,준비
20160930,필요
20161001,가을
20161001,그때
20161001,기존
20161001,어디
20161001,인하대
20161001,저녁
20161001,정석
20161001,프로그램
20161001,필요
20161001,학술
20161002,가을
20161002,국토
20161002,반납
20161002,솔루션
20161002,스토리
20161002,어디
20161002,정석
20161002,주인공
20161002,퍼트
20161002,필요
20161003,면접
20161003,문의
20161003,바퀴
20161003,스토리
20161003,어디
20161003,인하대
20161003,저녁
20161003,주간
20161003,준비
20161003,최대
20161004,도착
20161004,문의
20161004,어디
20161004,어플
20161004,인하대
20161004,저녁
20161004,조교
20161004,주간
20161004,최대
20161004,학술
20161005,기존
20161005,당장
20161005,등록
20161005,면접
20161005,문의
20161005,어디
20161005,인하대
20161005,저녁
20161005,주간
20161005,주중
20161006,그때
20161006,기존
20161006,당장
20161006,면접
20161006,문의
20161006,어디
20161006,인하대
20161006,저녁
20161006,조운
20161006,학술
20161007,당장
20161007,면접
20161007,문의
20161007,어디
20161007,어플
20161007,인하대
20161007,저녁
20161007,조운
20161007,주간
20161007,학술
20161008,그때
20161008,기존
20161008,단기
20161008,등록
20161008,면접
20161008,문의
20161008,어디
20161008,어플
20161008,저녁
20161008,주간
20161009,구역
20161009,단기
20161009,도착
20161009,소수
20161009,어디
20161009,인하대
20161009,저녁
20161009,처장
20161009,최대
20161009,학술
20161010,그때
20161010,기존
20161010,당장
20161010,면접
20161010,문의
20161010,서로
20161010,유리병
20161010,일반직
20161010,조운
20161010,주중
